{"/*":["X-Frame-Options: DENY","X-XSS-Protection: 1; mode=block","X-Content-Type-Options: nosniff","Referrer-Policy: same-origin"],"/styles.65f4f657945b4b61ab70.css":["Cache-Control: public, max-age=31536000, immutable"],"/commons-1415675549504b45eefc.js":["Cache-Control: public, max-age=31536000, immutable"],"/43a932f2cbfcdf046f5a3730c82eb019c8146e0e-83adbdc7995b083b3189.js":["Cache-Control: public, max-age=31536000, immutable"],"/85ad683fa3e851c337646d370127e865a9e175f5-552cf2584ebbe7bd39d6.js":["Cache-Control: public, max-age=31536000, immutable"],"/component---src-templates-blog-post-js-9919c54ae8cb6a34e697.js":["Cache-Control: public, max-age=31536000, immutable"],"/272017f8eca00a7d7381715eda843b743688d575-512ecda7222798be6dbc.js":["Cache-Control: public, max-age=31536000, immutable"],"/component---src-templates-index-js-85adc5cf508dab4df47e.js":["Cache-Control: public, max-age=31536000, immutable"],"/component---src-templates-tags-js-6b21f63909e079b4bcc3.js":["Cache-Control: public, max-age=31536000, immutable"],"/component---src-pages-404-js-97593667e44e4660bc60.js":["Cache-Control: public, max-age=31536000, immutable"],"/component---src-pages-using-typescript-tsx-ec89e82605e2a0c5e9c7.js":["Cache-Control: public, max-age=31536000, immutable"],"/webpack-runtime-bbdff57dcbf5c63ba515.js":["Cache-Control: public, max-age=31536000, immutable"],"/framework-122f40f9978b5ed9f1bb.js":["Cache-Control: public, max-age=31536000, immutable"],"/app-f839fb2c6730f0ce7720.js":["Cache-Control: public, max-age=31536000, immutable"],"/static/*":["Cache-Control: public, max-age=31536000, immutable"],"/sw.js":["Cache-Control: public, max-age=0, must-revalidate"],"/docs/hello-world/":["Link: </docs/webpack-runtime-bbdff57dcbf5c63ba515.js>; rel=preload; as=script; nopush","Link: </docs/framework-122f40f9978b5ed9f1bb.js>; rel=preload; as=script; nopush","Link: </docs/app-f839fb2c6730f0ce7720.js>; rel=preload; as=script; nopush","Link: </docs/commons-1415675549504b45eefc.js>; rel=preload; as=script; nopush","Link: </docs/43a932f2cbfcdf046f5a3730c82eb019c8146e0e-83adbdc7995b083b3189.js>; rel=preload; as=script; nopush","Link: </docs/85ad683fa3e851c337646d370127e865a9e175f5-552cf2584ebbe7bd39d6.js>; rel=preload; as=script; nopush","Link: </docs/component---src-templates-blog-post-js-9919c54ae8cb6a34e697.js>; rel=preload; as=script; nopush","Link: </docs/page-data/app-data.json>; rel=preload; as=fetch; crossorigin; nopush","Link: </docs/page-data/hello-world/page-data.json>; rel=preload; as=fetch; crossorigin; nopush"],"/docs/BirthOfYetAnotherMirrorSite/BirthOfYetAnotherMirrorSite/":["Link: </docs/webpack-runtime-bbdff57dcbf5c63ba515.js>; rel=preload; as=script; nopush","Link: </docs/framework-122f40f9978b5ed9f1bb.js>; rel=preload; as=script; nopush","Link: </docs/app-f839fb2c6730f0ce7720.js>; rel=preload; as=script; nopush","Link: </docs/commons-1415675549504b45eefc.js>; rel=preload; as=script; nopush","Link: </docs/43a932f2cbfcdf046f5a3730c82eb019c8146e0e-83adbdc7995b083b3189.js>; rel=preload; as=script; nopush","Link: </docs/85ad683fa3e851c337646d370127e865a9e175f5-552cf2584ebbe7bd39d6.js>; rel=preload; as=script; nopush","Link: </docs/component---src-templates-blog-post-js-9919c54ae8cb6a34e697.js>; rel=preload; as=script; nopush","Link: </docs/page-data/app-data.json>; rel=preload; as=fetch; crossorigin; nopush","Link: </docs/page-data/BirthOfYetAnotherMirrorSite/BirthOfYetAnotherMirrorSite/page-data.json>; rel=preload; as=fetch; crossorigin; nopush"],"/docs/ServerMigration/ServerMigration/":["Link: </docs/webpack-runtime-bbdff57dcbf5c63ba515.js>; rel=preload; as=script; nopush","Link: </docs/framework-122f40f9978b5ed9f1bb.js>; rel=preload; as=script; nopush","Link: </docs/app-f839fb2c6730f0ce7720.js>; rel=preload; as=script; nopush","Link: </docs/commons-1415675549504b45eefc.js>; rel=preload; as=script; nopush","Link: </docs/43a932f2cbfcdf046f5a3730c82eb019c8146e0e-83adbdc7995b083b3189.js>; rel=preload; as=script; nopush","Link: </docs/85ad683fa3e851c337646d370127e865a9e175f5-552cf2584ebbe7bd39d6.js>; rel=preload; as=script; nopush","Link: </docs/component---src-templates-blog-post-js-9919c54ae8cb6a34e697.js>; rel=preload; as=script; nopush","Link: </docs/page-data/app-data.json>; rel=preload; as=fetch; crossorigin; nopush","Link: </docs/page-data/ServerMigration/ServerMigration/page-data.json>; rel=preload; as=fetch; crossorigin; nopush"],"/docs/video/":["Link: </docs/webpack-runtime-bbdff57dcbf5c63ba515.js>; rel=preload; as=script; nopush","Link: </docs/framework-122f40f9978b5ed9f1bb.js>; rel=preload; as=script; nopush","Link: </docs/app-f839fb2c6730f0ce7720.js>; rel=preload; as=script; nopush","Link: </docs/commons-1415675549504b45eefc.js>; rel=preload; as=script; nopush","Link: </docs/43a932f2cbfcdf046f5a3730c82eb019c8146e0e-83adbdc7995b083b3189.js>; rel=preload; as=script; nopush","Link: </docs/85ad683fa3e851c337646d370127e865a9e175f5-552cf2584ebbe7bd39d6.js>; rel=preload; as=script; nopush","Link: </docs/component---src-templates-blog-post-js-9919c54ae8cb6a34e697.js>; rel=preload; as=script; nopush","Link: </docs/page-data/app-data.json>; rel=preload; as=fetch; crossorigin; nopush","Link: </docs/page-data/video/page-data.json>; rel=preload; as=fetch; crossorigin; nopush"],"/docs/bilibiliVideoTest/":["Link: </docs/webpack-runtime-bbdff57dcbf5c63ba515.js>; rel=preload; as=script; nopush","Link: </docs/framework-122f40f9978b5ed9f1bb.js>; rel=preload; as=script; nopush","Link: </docs/app-f839fb2c6730f0ce7720.js>; rel=preload; as=script; nopush","Link: </docs/commons-1415675549504b45eefc.js>; rel=preload; as=script; nopush","Link: </docs/43a932f2cbfcdf046f5a3730c82eb019c8146e0e-83adbdc7995b083b3189.js>; rel=preload; as=script; nopush","Link: </docs/85ad683fa3e851c337646d370127e865a9e175f5-552cf2584ebbe7bd39d6.js>; rel=preload; as=script; nopush","Link: </docs/component---src-templates-blog-post-js-9919c54ae8cb6a34e697.js>; rel=preload; as=script; nopush","Link: </docs/page-data/app-data.json>; rel=preload; as=fetch; crossorigin; nopush","Link: </docs/page-data/bilibiliVideoTest/page-data.json>; rel=preload; as=fetch; crossorigin; nopush"],"/docs/BackendConfigJournal/":["Link: </docs/webpack-runtime-bbdff57dcbf5c63ba515.js>; rel=preload; as=script; nopush","Link: </docs/framework-122f40f9978b5ed9f1bb.js>; rel=preload; as=script; nopush","Link: </docs/app-f839fb2c6730f0ce7720.js>; rel=preload; as=script; nopush","Link: </docs/commons-1415675549504b45eefc.js>; rel=preload; as=script; nopush","Link: </docs/43a932f2cbfcdf046f5a3730c82eb019c8146e0e-83adbdc7995b083b3189.js>; rel=preload; as=script; nopush","Link: </docs/85ad683fa3e851c337646d370127e865a9e175f5-552cf2584ebbe7bd39d6.js>; rel=preload; as=script; nopush","Link: </docs/component---src-templates-blog-post-js-9919c54ae8cb6a34e697.js>; rel=preload; as=script; nopush","Link: </docs/page-data/app-data.json>; rel=preload; as=fetch; crossorigin; nopush","Link: </docs/page-data/BackendConfigJournal/page-data.json>; rel=preload; as=fetch; crossorigin; nopush"],"/docs/":["Link: </docs/webpack-runtime-bbdff57dcbf5c63ba515.js>; rel=preload; as=script; nopush","Link: </docs/framework-122f40f9978b5ed9f1bb.js>; rel=preload; as=script; nopush","Link: </docs/app-f839fb2c6730f0ce7720.js>; rel=preload; as=script; nopush","Link: </docs/commons-1415675549504b45eefc.js>; rel=preload; as=script; nopush","Link: </docs/43a932f2cbfcdf046f5a3730c82eb019c8146e0e-83adbdc7995b083b3189.js>; rel=preload; as=script; nopush","Link: </docs/272017f8eca00a7d7381715eda843b743688d575-512ecda7222798be6dbc.js>; rel=preload; as=script; nopush","Link: </docs/component---src-templates-index-js-85adc5cf508dab4df47e.js>; rel=preload; as=script; nopush","Link: </docs/page-data/app-data.json>; rel=preload; as=fetch; crossorigin; nopush","Link: </docs/page-data/index/page-data.json>; rel=preload; as=fetch; crossorigin; nopush"],"/docs/test":["Link: </docs/webpack-runtime-bbdff57dcbf5c63ba515.js>; rel=preload; as=script; nopush","Link: </docs/framework-122f40f9978b5ed9f1bb.js>; rel=preload; as=script; nopush","Link: </docs/app-f839fb2c6730f0ce7720.js>; rel=preload; as=script; nopush","Link: </docs/commons-1415675549504b45eefc.js>; rel=preload; as=script; nopush","Link: </docs/43a932f2cbfcdf046f5a3730c82eb019c8146e0e-83adbdc7995b083b3189.js>; rel=preload; as=script; nopush","Link: </docs/272017f8eca00a7d7381715eda843b743688d575-512ecda7222798be6dbc.js>; rel=preload; as=script; nopush","Link: </docs/component---src-templates-tags-js-6b21f63909e079b4bcc3.js>; rel=preload; as=script; nopush","Link: </docs/page-data/app-data.json>; rel=preload; as=fetch; crossorigin; nopush","Link: </docs/page-data/test/page-data.json>; rel=preload; as=fetch; crossorigin; nopush"],"/docs/hello":["Link: </docs/webpack-runtime-bbdff57dcbf5c63ba515.js>; rel=preload; as=script; nopush","Link: </docs/framework-122f40f9978b5ed9f1bb.js>; rel=preload; as=script; nopush","Link: </docs/app-f839fb2c6730f0ce7720.js>; rel=preload; as=script; nopush","Link: </docs/commons-1415675549504b45eefc.js>; rel=preload; as=script; nopush","Link: </docs/43a932f2cbfcdf046f5a3730c82eb019c8146e0e-83adbdc7995b083b3189.js>; rel=preload; as=script; nopush","Link: </docs/272017f8eca00a7d7381715eda843b743688d575-512ecda7222798be6dbc.js>; rel=preload; as=script; nopush","Link: </docs/component---src-templates-tags-js-6b21f63909e079b4bcc3.js>; rel=preload; as=script; nopush","Link: </docs/page-data/app-data.json>; rel=preload; as=fetch; crossorigin; nopush","Link: </docs/page-data/hello/page-data.json>; rel=preload; as=fetch; crossorigin; nopush"],"/docs/help":["Link: </docs/webpack-runtime-bbdff57dcbf5c63ba515.js>; rel=preload; as=script; nopush","Link: </docs/framework-122f40f9978b5ed9f1bb.js>; rel=preload; as=script; nopush","Link: </docs/app-f839fb2c6730f0ce7720.js>; rel=preload; as=script; nopush","Link: </docs/commons-1415675549504b45eefc.js>; rel=preload; as=script; nopush","Link: </docs/43a932f2cbfcdf046f5a3730c82eb019c8146e0e-83adbdc7995b083b3189.js>; rel=preload; as=script; nopush","Link: </docs/272017f8eca00a7d7381715eda843b743688d575-512ecda7222798be6dbc.js>; rel=preload; as=script; nopush","Link: </docs/component---src-templates-tags-js-6b21f63909e079b4bcc3.js>; rel=preload; as=script; nopush","Link: </docs/page-data/app-data.json>; rel=preload; as=fetch; crossorigin; nopush","Link: </docs/page-data/help/page-data.json>; rel=preload; as=fetch; crossorigin; nopush"],"/docs/www":["Link: </docs/webpack-runtime-bbdff57dcbf5c63ba515.js>; rel=preload; as=script; nopush","Link: </docs/framework-122f40f9978b5ed9f1bb.js>; rel=preload; as=script; nopush","Link: </docs/app-f839fb2c6730f0ce7720.js>; rel=preload; as=script; nopush","Link: </docs/commons-1415675549504b45eefc.js>; rel=preload; as=script; nopush","Link: </docs/43a932f2cbfcdf046f5a3730c82eb019c8146e0e-83adbdc7995b083b3189.js>; rel=preload; as=script; nopush","Link: </docs/272017f8eca00a7d7381715eda843b743688d575-512ecda7222798be6dbc.js>; rel=preload; as=script; nopush","Link: </docs/component---src-templates-tags-js-6b21f63909e079b4bcc3.js>; rel=preload; as=script; nopush","Link: </docs/page-data/app-data.json>; rel=preload; as=fetch; crossorigin; nopush","Link: </docs/page-data/www/page-data.json>; rel=preload; as=fetch; crossorigin; nopush"],"/docs/bilibili":["Link: </docs/webpack-runtime-bbdff57dcbf5c63ba515.js>; rel=preload; as=script; nopush","Link: </docs/framework-122f40f9978b5ed9f1bb.js>; rel=preload; as=script; nopush","Link: </docs/app-f839fb2c6730f0ce7720.js>; rel=preload; as=script; nopush","Link: </docs/commons-1415675549504b45eefc.js>; rel=preload; as=script; nopush","Link: </docs/43a932f2cbfcdf046f5a3730c82eb019c8146e0e-83adbdc7995b083b3189.js>; rel=preload; as=script; nopush","Link: </docs/272017f8eca00a7d7381715eda843b743688d575-512ecda7222798be6dbc.js>; rel=preload; as=script; nopush","Link: </docs/component---src-templates-tags-js-6b21f63909e079b4bcc3.js>; rel=preload; as=script; nopush","Link: </docs/page-data/app-data.json>; rel=preload; as=fetch; crossorigin; nopush","Link: </docs/page-data/bilibili/page-data.json>; rel=preload; as=fetch; crossorigin; nopush"],"/docs/404/":["Link: </docs/webpack-runtime-bbdff57dcbf5c63ba515.js>; rel=preload; as=script; nopush","Link: </docs/framework-122f40f9978b5ed9f1bb.js>; rel=preload; as=script; nopush","Link: </docs/app-f839fb2c6730f0ce7720.js>; rel=preload; as=script; nopush","Link: </docs/commons-1415675549504b45eefc.js>; rel=preload; as=script; nopush","Link: </docs/85ad683fa3e851c337646d370127e865a9e175f5-552cf2584ebbe7bd39d6.js>; rel=preload; as=script; nopush","Link: </docs/component---src-pages-404-js-97593667e44e4660bc60.js>; rel=preload; as=script; nopush","Link: </docs/page-data/app-data.json>; rel=preload; as=fetch; crossorigin; nopush","Link: </docs/page-data/404/page-data.json>; rel=preload; as=fetch; crossorigin; nopush"],"/docs/using-typescript/":["Link: </docs/webpack-runtime-bbdff57dcbf5c63ba515.js>; rel=preload; as=script; nopush","Link: </docs/framework-122f40f9978b5ed9f1bb.js>; rel=preload; as=script; nopush","Link: </docs/app-f839fb2c6730f0ce7720.js>; rel=preload; as=script; nopush","Link: </docs/commons-1415675549504b45eefc.js>; rel=preload; as=script; nopush","Link: </docs/85ad683fa3e851c337646d370127e865a9e175f5-552cf2584ebbe7bd39d6.js>; rel=preload; as=script; nopush","Link: </docs/component---src-pages-using-typescript-tsx-ec89e82605e2a0c5e9c7.js>; rel=preload; as=script; nopush","Link: </docs/page-data/app-data.json>; rel=preload; as=fetch; crossorigin; nopush","Link: </docs/page-data/using-typescript/page-data.json>; rel=preload; as=fetch; crossorigin; nopush"],"/docs/404.html":["Link: </docs/webpack-runtime-bbdff57dcbf5c63ba515.js>; rel=preload; as=script; nopush","Link: </docs/framework-122f40f9978b5ed9f1bb.js>; rel=preload; as=script; nopush","Link: </docs/app-f839fb2c6730f0ce7720.js>; rel=preload; as=script; nopush","Link: </docs/commons-1415675549504b45eefc.js>; rel=preload; as=script; nopush","Link: </docs/85ad683fa3e851c337646d370127e865a9e175f5-552cf2584ebbe7bd39d6.js>; rel=preload; as=script; nopush","Link: </docs/component---src-pages-404-js-97593667e44e4660bc60.js>; rel=preload; as=script; nopush","Link: </docs/page-data/app-data.json>; rel=preload; as=fetch; crossorigin; nopush","Link: </docs/page-data/404.html/page-data.json>; rel=preload; as=fetch; crossorigin; nopush"]}