{"polyfill":["/polyfill-acd1f12cdd3eba84d6fd.js"],"app":["/app-f839fb2c6730f0ce7720.js"],"component---src-pages-404-js":["/component---src-pages-404-js-97593667e44e4660bc60.js"],"component---src-pages-using-typescript-tsx":["/component---src-pages-using-typescript-tsx-ec89e82605e2a0c5e9c7.js"],"component---src-templates-blog-post-js":["/component---src-templates-blog-post-js-9919c54ae8cb6a34e697.js"],"component---src-templates-index-js":["/component---src-templates-index-js-85adc5cf508dab4df47e.js"],"component---src-templates-tags-js":["/component---src-templates-tags-js-6b21f63909e079b4bcc3.js"]}