{"namedChunkGroups":{"polyfill":{"name":"polyfill","assets":[{"name":"webpack-runtime-bbdff57dcbf5c63ba515.js","size":5369},{"name":"polyfill-acd1f12cdd3eba84d6fd.js","size":93440}],"filteredAssets":0,"assetsSize":98809,"filteredAuxiliaryAssets":2,"auxiliaryAssetsSize":273922},"app":{"name":"app","assets":[{"name":"webpack-runtime-bbdff57dcbf5c63ba515.js","size":5369},{"name":"styles.65f4f657945b4b61ab70.css","size":162323},{"name":"framework-122f40f9978b5ed9f1bb.js","size":129216},{"name":"app-f839fb2c6730f0ce7720.js","size":136615}],"filteredAssets":0,"assetsSize":433523,"filteredAuxiliaryAssets":55,"auxiliaryAssetsSize":2048198},"component---src-pages-404-js":{"name":"component---src-pages-404-js","assets":[{"name":"commons-1415675549504b45eefc.js","size":17381},{"name":"85ad683fa3e851c337646d370127e865a9e175f5-552cf2584ebbe7bd39d6.js","size":16056},{"name":"component---src-pages-404-js-97593667e44e4660bc60.js","size":550}],"filteredAssets":0,"assetsSize":33987,"filteredAuxiliaryAssets":3,"auxiliaryAssetsSize":151742},"component---src-pages-using-typescript-tsx":{"name":"component---src-pages-using-typescript-tsx","assets":[{"name":"commons-1415675549504b45eefc.js","size":17381},{"name":"85ad683fa3e851c337646d370127e865a9e175f5-552cf2584ebbe7bd39d6.js","size":16056},{"name":"component---src-pages-using-typescript-tsx-ec89e82605e2a0c5e9c7.js","size":1373}],"filteredAssets":0,"assetsSize":34810,"filteredAuxiliaryAssets":3,"auxiliaryAssetsSize":152839},"component---src-templates-blog-post-js":{"name":"component---src-templates-blog-post-js","assets":[{"name":"styles.65f4f657945b4b61ab70.css","size":162323},{"name":"commons-1415675549504b45eefc.js","size":17381},{"name":"43a932f2cbfcdf046f5a3730c82eb019c8146e0e-83adbdc7995b083b3189.js","size":28086},{"name":"85ad683fa3e851c337646d370127e865a9e175f5-552cf2584ebbe7bd39d6.js","size":16056},{"name":"component---src-templates-blog-post-js-9919c54ae8cb6a34e697.js","size":6610}],"filteredAssets":0,"assetsSize":230456,"filteredAuxiliaryAssets":58,"auxiliaryAssetsSize":1563415},"component---src-templates-index-js":{"name":"component---src-templates-index-js","assets":[{"name":"styles.65f4f657945b4b61ab70.css","size":162323},{"name":"commons-1415675549504b45eefc.js","size":17381},{"name":"43a932f2cbfcdf046f5a3730c82eb019c8146e0e-83adbdc7995b083b3189.js","size":28086},{"name":"272017f8eca00a7d7381715eda843b743688d575-512ecda7222798be6dbc.js","size":28402},{"name":"component---src-templates-index-js-85adc5cf508dab4df47e.js","size":802}],"filteredAssets":0,"assetsSize":236994,"filteredAuxiliaryAssets":58,"auxiliaryAssetsSize":1600503},"component---src-templates-tags-js":{"name":"component---src-templates-tags-js","assets":[{"name":"styles.65f4f657945b4b61ab70.css","size":162323},{"name":"commons-1415675549504b45eefc.js","size":17381},{"name":"43a932f2cbfcdf046f5a3730c82eb019c8146e0e-83adbdc7995b083b3189.js","size":28086},{"name":"272017f8eca00a7d7381715eda843b743688d575-512ecda7222798be6dbc.js","size":28402},{"name":"component---src-templates-tags-js-6b21f63909e079b4bcc3.js","size":650}],"filteredAssets":0,"assetsSize":236842,"filteredAuxiliaryAssets":58,"auxiliaryAssetsSize":1600130}},"assetsByChunkName":{"polyfill":["webpack-runtime-bbdff57dcbf5c63ba515.js","polyfill-acd1f12cdd3eba84d6fd.js"],"app":["webpack-runtime-bbdff57dcbf5c63ba515.js","styles.65f4f657945b4b61ab70.css","framework-122f40f9978b5ed9f1bb.js","app-f839fb2c6730f0ce7720.js"],"component---src-pages-404-js":["commons-1415675549504b45eefc.js","85ad683fa3e851c337646d370127e865a9e175f5-552cf2584ebbe7bd39d6.js","component---src-pages-404-js-97593667e44e4660bc60.js"],"component---src-pages-using-typescript-tsx":["commons-1415675549504b45eefc.js","85ad683fa3e851c337646d370127e865a9e175f5-552cf2584ebbe7bd39d6.js","component---src-pages-using-typescript-tsx-ec89e82605e2a0c5e9c7.js"],"component---src-templates-blog-post-js":["styles.65f4f657945b4b61ab70.css","commons-1415675549504b45eefc.js","43a932f2cbfcdf046f5a3730c82eb019c8146e0e-83adbdc7995b083b3189.js","85ad683fa3e851c337646d370127e865a9e175f5-552cf2584ebbe7bd39d6.js","component---src-templates-blog-post-js-9919c54ae8cb6a34e697.js"],"component---src-templates-index-js":["styles.65f4f657945b4b61ab70.css","commons-1415675549504b45eefc.js","43a932f2cbfcdf046f5a3730c82eb019c8146e0e-83adbdc7995b083b3189.js","272017f8eca00a7d7381715eda843b743688d575-512ecda7222798be6dbc.js","component---src-templates-index-js-85adc5cf508dab4df47e.js"],"component---src-templates-tags-js":["styles.65f4f657945b4b61ab70.css","commons-1415675549504b45eefc.js","43a932f2cbfcdf046f5a3730c82eb019c8146e0e-83adbdc7995b083b3189.js","272017f8eca00a7d7381715eda843b743688d575-512ecda7222798be6dbc.js","component---src-templates-tags-js-6b21f63909e079b4bcc3.js"]},"childAssetsByChunkName":{}}